PUBLISHED_YEAR,TITLE
1971,"Persevering reciprocal knowledge user"
2020,"Customizable 24hour product"
1956,"Adaptive 5thgeneration encoding"
1985,"Advanced encompassing implementation"
2019,"Persistent local encoding"
1987,"Optimized interactive challenge"
2015,"Ergonomic national hub"
1998,"Secured zero tolerance time-frame"
1989,"Polarized optimal array"
1997,"User-friendly motivating strategy"
1966,"Reduced secondary core"
2021,"Adaptive 4thgeneration concept"
1990,"Progressive asymmetric Internet solution"
1978,"Face-to-face systematic throughput"
1967,"Reverse-engineered context-sensitive hardware"
1984,"Devolved mobile conglomeration"
1964,"Multi-channeled multi-tasking capability"
2012,"Multi-layered global open system"
2010,"Implemented encompassing conglomeration"
2021,"Synergistic dedicated concept"
2023,"Team-oriented empowering synergy"
2018,"Grass-roots solution-oriented adapter"
1955,"Up-sized tertiary archive"
2022,"Pre-emptive asynchronous leverage"
1978,"Optimized national process improvement"
1952,"Function-based zero-defect initiative"
1965,"Networked systemic implementation"
1984,"Centralized cohesive website"
2006,"Reverse-engineered directional conglomeration"
1963,"Multi-channeled 5thgeneration Internet solution"
1955,"Robust attitude-oriented attitude"
1970,"Face-to-face responsive secured line"
2022,"Visionary optimizing project"
2003,"Triple-buffered neutral adapter"
1969,"Triple-buffered multi-tasking help-desk"
2015,"Progressive bi-directional methodology"
1976,"Integrated intermediate Internet solution"
1962,"Team-oriented 3rdgeneration encryption"
1995,"Profound logistical capacity"
2012,"Distributed directional adapter"
1990,"Robust eco-centric capacity"
1953,"Re-contextualized real-time strategy"
1989,"Polarized heuristic database"
1963,"Polarized hybrid emulation"
1982,"Total explicit open architecture"
1961,"Synergized bandwidth-monitored workforce"
1966,"Grass-roots zero tolerance archive"
1961,"Cloned impactful solution"
2021,"Customer-focused context-sensitive process improvement"
1959,"Networked contextually-based throughput"
1986,"Automated scalable installation"
2009,"Innovative directional matrix"
1988,"Synergized mobile architecture"
1985,"Compatible 24/7 forecast"
2010,"Team-oriented logistical analyzer"
2001,"Optimized multi-state capacity"
2022,"Sharable regional product"
1980,"Stand-alone 24hour interface"
1986,"Decentralized actuating analyzer"
1999,"Robust tangible hardware"
1959,"Mandatory exuding monitoring"
1965,"Business-focused eco-centric help-desk"
2009,"Object-based multimedia algorithm"
2001,"Open-source 5thgeneration alliance"
1990,"Function-based heuristic analyzer"
2017,"Open-architected stable solution"
1996,"Digitized encompassing definition"
1962,"Optimized heuristic challenge"
1955,"Ergonomic stable open architecture"
2005,"Expanded explicit neural-net"
1988,"Cross-group zero administration utilization"
1996,"Front-line client-driven projection"
1970,"Operative foreground project"
1969,"Distributed secondary software"
2016,"Open-architected scalable knowledge user"
2021,"Upgradable interactive emulation"
1966,"Self-enabling contextually-based frame"
2017,"Profound didactic leverage"
2010,"Switchable modular moratorium"
1984,"Integrated secondary access"
1957,"Switchable needs-based strategy"
1992,"Profound leadingedge capability"
1968,"Seamless demand-driven focus group"
1990,"Public-key analyzing Graphic Interface"
1997,"Business-focused real-time benchmark"
1959,"Decentralized multi-tasking data-warehouse"
2004,"Realigned context-sensitive pricing structure"
1955,"Polarized bandwidth-monitored throughput"
2001,"Customizable bi-directional focus group"
2012,"Stand-alone intangible installation"
1978,"Profound zero-defect knowledgebase"
2003,"Assimilated asymmetric Local Area Network"
2012,"Networked multimedia support"
1964,"Innovative empowering concept"
1957,"Expanded explicit solution"
1952,"Phased logistical open system"
1998,"Innovative real-time neural-net"
1983,"Advanced dynamic complexity"
1953,"Synergistic grid-enabled website"
2005,"Advanced didactic time-frame"
1999,"Proactive 5thgeneration middleware"
1963,"Focused high-level strategy"
1981,"Centralized maximized database"
2013,"Expanded scalable time-frame"
1951,"Customizable discrete Graphical User Interface"
1954,"User-friendly radical standardization"
2018,"Vision-oriented radical capability"
1963,"Networked tertiary approach"
2004,"Integrated hybrid collaboration"
1977,"Centralized homogeneous open system"
1951,"Pre-emptive executive knowledge user"
1970,"Organized even-keeled conglomeration"
2009,"Innovative didactic capacity"
2001,"Front-line discrete complexity"
1987,"Balanced object-oriented Graphic Interface"
2014,"Reduced bottom-line forecast"
2001,"Total exuding project"
1978,"Enterprise-wide solution-oriented challenge"
1989,"Total well-modulated groupware"
2014,"Switchable value-added conglomeration"
1989,"Grass-roots eco-centric task-force"
2016,"Cross-platform even-keeled focus group"
1954,"Customer-focused tertiary methodology"
1982,"Digitized content-based time-frame"
2021,"Sharable tangible collaboration"
1980,"Organized content-based core"
1964,"Balanced optimal open architecture"
2003,"Self-enabling mobile software"
1990,"De-engineered attitude-oriented software"
1960,"Digitized executive flexibility"
1979,"Distributed modular capability"
1971,"Centralized 6thgeneration model"
2005,"Fundamental methodical open architecture"
2019,"Down-sized mobile extranet"
2019,"Open-source 3rdgeneration secured line"
1961,"Reactive bandwidth-monitored architecture"
1988,"Re-engineered solution-oriented extranet"
2007,"Multi-channeled coherent protocol"
1976,"Synergized foreground website"
1975,"Managed object-oriented hardware"
1965,"Managed hybrid array"
1977,"Optional cohesive methodology"
1986,"Polarized maximized challenge"
2011,"Team-oriented client-driven adapter"
2006,"Total reciprocal monitoring"
1957,"Organized secondary protocol"
1975,"Optimized even-keeled analyzer"
1957,"Stand-alone content-based hub"
2015,"Up-sized fault-tolerant hub"
1954,"Business-focused responsive parallelism"
1953,"Automated systemic toolset"
1968,"Managed radical superstructure"
2000,"Automated client-driven open architecture"
2021,"Cross-group responsive protocol"
1961,"Horizontal didactic structure"
1981,"Digitized multi-state circuit"
1994,"Pre-emptive incremental secured line"
1964,"Intuitive content-based toolset"
1979,"Team-oriented content-based adapter"
1965,"Right-sized bifurcated definition"
2015,"De-engineered local interface"
1960,"Monitored 5thgeneration challenge"
1963,"Decentralized disintermediate Internet solution"
1974,"Intuitive intangible circuit"
1959,"Intuitive 4thgeneration intranet"
2006,"Team-oriented dedicated attitude"
2008,"Upgradable radical adapter"
1977,"Balanced next generation forecast"
2016,"Configurable local emulation"
1994,"Exclusive encompassing pricing structure"
1959,"Inverse asynchronous superstructure"
1988,"Expanded analyzing forecast"
1957,"Compatible impactful interface"
2017,"Fully-configurable mission-critical artificial intelligence"
1955,"Secured object-oriented secured line"
1964,"Pre-emptive clear-thinking workforce"
1977,"Persistent disintermediate artificial intelligence"
2016,"Advanced well-modulated architecture"
1957,"Assimilated composite archive"
1962,"Integrated fresh-thinking toolset"
1975,"Polarized high-level installation"
1981,"Ergonomic leadingedge portal"
1968,"Open-source background extranet"
1999,"Down-sized bandwidth-monitored open system"
1988,"Phased didactic product"
2009,"Expanded maximized collaboration"
2021,"Reduced well-modulated database"
1997,"Profound client-driven paradigm"
2012,"Virtual exuding Internet solution"
1992,"Multi-tiered client-server methodology"
1961,"Upgradable client-driven ability"
1964,"Distributed disintermediate groupware"
1976,"Balanced dynamic project"
1993,"Diverse dynamic contingency"
1981,"Proactive secondary help-desk"
1984,"Implemented zero-defect product"
1973,"Multi-tiered dedicated encryption"
1990,"Assimilated user-facing approach"
1968,"Quality-focused mobile migration"
1959,"Advanced responsive extranet"
2006,"Organized high-level algorithm"
2014,"Centralized uniform extranet"
1969,"Digitized regional monitoring"
2006,"De-engineered grid-enabled secured line"
1990,"Optimized holistic approach"
1965,"Object-based asynchronous moratorium"
2013,"Monitored interactive focus group"
2008,"Exclusive 24hour groupware"
1972,"Decentralized demand-driven middleware"
1984,"Public-key intangible frame"
1987,"Reduced systematic forecast"
1957,"Front-line modular moratorium"
1983,"Intuitive value-added product"
1962,"Right-sized intangible infrastructure"
1970,"Secured maximized time-frame"
2020,"Profound tertiary encoding"
1957,"Optional object-oriented pricing structure"
1955,"Synchronized impactful synergy"
1966,"Diverse responsive focus group"
1977,"Synergistic user-facing frame"
1959,"Multi-tiered methodical paradigm"
1987,"Operative non-volatile parallelism"
1993,"Fully-configurable disintermediate solution"
1997,"Mandatory full-range middleware"
2007,"Realigned 6thgeneration infrastructure"
1984,"Universal fault-tolerant array"
1977,"Total foreground alliance"
2012,"Implemented background approach"
1962,"Right-sized holistic productivity"
1979,"Grass-roots disintermediate analyzer"
2009,"Face-to-face 6thgeneration attitude"
1963,"Horizontal hybrid emulation"
1987,"Triple-buffered multimedia access"
1994,"Integrated well-modulated Graphic Interface"
1967,"Assimilated local complexity"
1969,"Object-based secondary emulation"
1998,"Programmable context-sensitive forecast"
2007,"Distributed regional collaboration"
1997,"Managed eco-centric hierarchy"
1982,"Streamlined multimedia capability"
2006,"De-engineered methodical capacity"
2005,"Team-oriented tangible ability"
2012,"Profit-focused solution-oriented open system"
1997,"Cross-platform grid-enabled capacity"
1999,"Organized directional Internet solution"
1976,"Enhanced next generation standardization"
2018,"Expanded maximized portal"
1981,"Enterprise-wide multimedia initiative"
1990,"Synergized analyzing solution"
2021,"Triple-buffered upward-trending artificial intelligence"
1965,"Ergonomic zero-defect software"
1966,"Innovative asymmetric utilization"
2002,"Cross-platform 24hour artificial intelligence"
1965,"Synergized fresh-thinking monitoring"
1951,"Horizontal disintermediate alliance"
1960,"Customizable directional matrices"
1970,"Monitored eco-centric framework"
2000,"Ergonomic disintermediate project"
2013,"Streamlined 6thgeneration collaboration"
1993,"Enhanced grid-enabled budgetary management"
1987,"Down-sized radical orchestration"
2007,"Advanced reciprocal time-frame"
1966,"Universal homogeneous adapter"
2009,"Re-contextualized logistical throughput"
1996,"Optional 6thgeneration task-force"
1960,"Diverse zero tolerance service-desk"
1991,"User-centric composite projection"
1953,"Configurable disintermediate extranet"
2013,"Customizable optimal infrastructure"
1969,"Cloned cohesive attitude"
1988,"Innovative 3rdgeneration database"
1998,"Function-based human-resource migration"
2015,"Multi-channeled mission-critical initiative"
1979,"Function-based dedicated frame"
1987,"Organized upward-trending parallelism"
1967,"Automated 5thgeneration customer loyalty"
1964,"Fully-configurable mobile solution"
2010,"Grass-roots static hub"
1986,"Stand-alone zero administration emulation"
2019,"Distributed cohesive approach"
2009,"Balanced grid-enabled architecture"
1980,"Automated transitional hardware"
1965,"Pre-emptive transitional contingency"
1991,"User-centric discrete software"
2018,"Monitored tangible extranet"
1985,"Optimized attitude-oriented synergy"
2019,"Progressive client-server infrastructure"
1984,"Implemented next generation open architecture"
1956,"User-centric bi-directional application"
1987,"Horizontal background throughput"
1966,"Decentralized radical forecast"
1975,"Secured 24/7 neural-net"
